iter	Logloss
0	0.6349226578
1	0.6075071889
2	0.5944117908
